Name,Email,Phone,Age,Salary,Active
Rahul Sharma,rahul@gmail.com,+91 98765 43210,25,"45,000.50",True
PRIYA SINGH,priya.singh@gmail.com,09876543211,30,55000.00,False
Amit Kumar,amit.kumar@gmail.com,+91-91234-56789,28, 62000.75 ,True
Neha Verma,neha.verma@yahoo.com, 9988776655 ,35,48000,False
rohit mehta,rohit.mehta@gmail.com,98765-12345,40,"75,500.25",True
Sneha Patel,sneha.patel@outlook.com,+91 90909 80808,22, 39000.00,False
Vikas Gupta,vikas.gupta@gmail.com,919876543210,27,82000.50,True
ANJALI SHARMA,anjali.sharma@gmail.com, 8877665544,31, 51000 ,False
Karan Singh,karan.singh@gmail.com,+91 (99887) 76655,29,68000.75,True
Pooja Verma,pooja.verma@yahoo.com,77665 54433,33, 47000.00 ,False
