row,column,original_value,standardized_value,rule,status
1,Name,  Rahul Sharma ,Rahul Sharma,STRING_STANDARDIZATION,STANDARDIZED
1,Email, RAHUL@GMAIL.COM ,rahul@gmail.com,EMAIL_STANDARDIZATION,STANDARDIZED
1,Phone,+91 98765 43210,+919876543210,PHONE_STANDARDIZATION,STANDARDIZED
1,Age, 25 ,25,INTEGER_STANDARDIZATION,STANDARDIZED
1,Salary,"45,000.50","45,000.50",NO_CHANGE,ALREADY_STANDARD
1,Active, YES ,True,BOOLEAN_STANDARDIZATION,STANDARDIZED
2,Name,PRIYA SINGH,PRIYA SINGH,NO_CHANGE,ALREADY_STANDARD
2,Email,PRIYA.SINGH@GMAIL.COM,priya.singh@gmail.com,EMAIL_STANDARDIZATION,STANDARDIZED
2,Phone,09876543211,9876543211,INTEGER_STANDARDIZATION,STANDARDIZED
2,Age,30,30,INTEGER_STANDARDIZATION,STANDARDIZED
2,Salary,55000.00,55000.0,FLOAT_STANDARDIZATION,STANDARDIZED
2,Active,no,False,BOOLEAN_STANDARDIZATION,STANDARDIZED
3,Name, Amit Kumar,Amit Kumar,STRING_STANDARDIZATION,STANDARDIZED
3,Email, amit.kumar@gmail.com ,amit.kumar@gmail.com,EMAIL_STANDARDIZATION,STANDARDIZED
3,Phone,+91-91234-56789,+919123456789,PHONE_STANDARDIZATION,STANDARDIZED
3,Age, 28,28,INTEGER_STANDARDIZATION,STANDARDIZED
3,Salary, 62000.75 ,62000.75,FLOAT_STANDARDIZATION,STANDARDIZED
3,Active,TRUE,True,BOOLEAN_STANDARDIZATION,STANDARDIZED
4,Name,Neha  Verma ,Neha Verma,STRING_STANDARDIZATION,STANDARDIZED
4,Email,NEHA.VERMA@YAHOO.COM,neha.verma@yahoo.com,EMAIL_STANDARDIZATION,STANDARDIZED
4,Phone, 9988776655 ,9988776655,INTEGER_STANDARDIZATION,STANDARDIZED
4,Age,35,35,INTEGER_STANDARDIZATION,STANDARDIZED
4,Salary,48000,48000,INTEGER_STANDARDIZATION,STANDARDIZED
4,Active, false ,False,BOOLEAN_STANDARDIZATION,STANDARDIZED
5,Name,rohit mehta,rohit mehta,NO_CHANGE,ALREADY_STANDARD
5,Email, rohit.mehta@GMAIL.COM,rohit.mehta@gmail.com,EMAIL_STANDARDIZATION,STANDARDIZED
5,Phone,98765-12345,+919876512345,PHONE_STANDARDIZATION,STANDARDIZED
5,Age,40,40,INTEGER_STANDARDIZATION,STANDARDIZED
5,Salary,"75,500.25","75,500.25",NO_CHANGE,ALREADY_STANDARD
5,Active,Y,True,BOOLEAN_STANDARDIZATION,STANDARDIZED
6,Name,  Sneha Patel,Sneha Patel,STRING_STANDARDIZATION,STANDARDIZED
6,Email,SNEHA.PATEL@OUTLOOK.COM ,sneha.patel@outlook.com,EMAIL_STANDARDIZATION,STANDARDIZED
6,Phone,+91 90909 80808,+919090980808,PHONE_STANDARDIZATION,STANDARDIZED
6,Age, 22 ,22,INTEGER_STANDARDIZATION,STANDARDIZED
6,Salary, 39000.00,39000.0,FLOAT_STANDARDIZATION,STANDARDIZED
6,Active,N,False,BOOLEAN_STANDARDIZATION,STANDARDIZED
7,Name,Vikas  Gupta,Vikas Gupta,STRING_STANDARDIZATION,STANDARDIZED
7,Email, vikas.gupta@gmail.com,vikas.gupta@gmail.com,EMAIL_STANDARDIZATION,STANDARDIZED
7,Phone,919876543210,919876543210,INTEGER_STANDARDIZATION,STANDARDIZED
7,Age,27,27,INTEGER_STANDARDIZATION,STANDARDIZED
7,Salary,82000.50,82000.5,FLOAT_STANDARDIZATION,STANDARDIZED
7,Active, yes,True,BOOLEAN_STANDARDIZATION,STANDARDIZED
8,Name,ANJALI SHARMA ,ANJALI SHARMA,STRING_STANDARDIZATION,STANDARDIZED
8,Email,ANJALI.SHARMA@GMAIL.COM ,anjali.sharma@gmail.com,EMAIL_STANDARDIZATION,STANDARDIZED
8,Phone, 8877665544,8877665544,INTEGER_STANDARDIZATION,STANDARDIZED
8,Age,31,31,INTEGER_STANDARDIZATION,STANDARDIZED
8,Salary, 51000 ,51000,INTEGER_STANDARDIZATION,STANDARDIZED
8,Active,FALSE,False,BOOLEAN_STANDARDIZATION,STANDARDIZED
9,Name,  Karan Singh  ,Karan Singh,STRING_STANDARDIZATION,STANDARDIZED
9,Email, karan.singh@gmail.com ,karan.singh@gmail.com,EMAIL_STANDARDIZATION,STANDARDIZED
9,Phone,+91 (99887) 76655,+919988776655,PHONE_STANDARDIZATION,STANDARDIZED
9,Age, 29,29,INTEGER_STANDARDIZATION,STANDARDIZED
9,Salary,68000.75,68000.75,FLOAT_STANDARDIZATION,STANDARDIZED
9,Active,1,True,BOOLEAN_STANDARDIZATION,STANDARDIZED
10,Name,Pooja Verma,Pooja Verma,NO_CHANGE,ALREADY_STANDARD
10,Email,POOJA.VERMA@YAHOO.COM,pooja.verma@yahoo.com,EMAIL_STANDARDIZATION,STANDARDIZED
10,Phone,77665 54433,+917766554433,PHONE_STANDARDIZATION,STANDARDIZED
10,Age,33,33,INTEGER_STANDARDIZATION,STANDARDIZED
10,Salary, 47000.00 ,47000.0,FLOAT_STANDARDIZATION,STANDARDIZED
10,Active,0,False,BOOLEAN_STANDARDIZATION,STANDARDIZED
