row,column,detected_type,confidence,original_value,standardized_value,rule,status,category,reason
1,Name,STRING,100.0,  Rahul Sharma ,Rahul Sharma,STRING_STANDARDIZATION,STANDARDIZED,NORMAL_STANDARDIZATION,Extra spaces removed
1,Email,EMAIL,100.0, RAHUL@GMAIL.COM ,rahul@gmail.com,EMAIL_STANDARDIZATION,STANDARDIZED,NORMAL_STANDARDIZATION,Email converted to lowercase and spaces removed
1,Phone,PHONE,60.0,+91 98765 43210,+91 98765 43210,LOW_CONFIDENCE_REVIEW,NEEDS_REVIEW,GENUINE_DATA_REVIEW,Column type confidence is only 60.0%
1,Age,INTEGER,100.0, 25 ,25,INTEGER_STANDARDIZATION,STANDARDIZED,NORMAL_STANDARDIZATION,Numeric value converted to integer
1,Salary,FLOAT,80.0,"45,000.50",45000.5,FLOAT_STANDARDIZATION,STANDARDIZED,NORMAL_STANDARDIZATION,Decimal value converted to float
1,Active,BOOLEAN,100.0, YES ,True,BOOLEAN_STANDARDIZATION,STANDARDIZED,NORMAL_STANDARDIZATION,Boolean value normalized
2,Name,STRING,100.0,PRIYA SINGH,PRIYA SINGH,STRING_STANDARDIZATION,ALREADY_STANDARD,NORMAL_STANDARDIZATION,Extra spaces removed
2,Email,EMAIL,100.0,PRIYA.SINGH@GMAIL.COM,priya.singh@gmail.com,EMAIL_STANDARDIZATION,STANDARDIZED,NORMAL_STANDARDIZATION,Email converted to lowercase and spaces removed
2,Phone,PHONE,60.0,09876543211,09876543211,LOW_CONFIDENCE_REVIEW,NEEDS_REVIEW,GENUINE_DATA_REVIEW,Column type confidence is only 60.0%
2,Age,INTEGER,100.0,30,30,INTEGER_STANDARDIZATION,STANDARDIZED,NORMAL_STANDARDIZATION,Numeric value converted to integer
2,Salary,FLOAT,80.0,55000.00,55000.0,FLOAT_STANDARDIZATION,STANDARDIZED,NORMAL_STANDARDIZATION,Decimal value converted to float
2,Active,BOOLEAN,100.0,no,False,BOOLEAN_STANDARDIZATION,STANDARDIZED,NORMAL_STANDARDIZATION,Boolean value normalized
3,Name,STRING,100.0, Amit Kumar,Amit Kumar,STRING_STANDARDIZATION,STANDARDIZED,NORMAL_STANDARDIZATION,Extra spaces removed
3,Email,EMAIL,100.0, amit.kumar@gmail.com ,amit.kumar@gmail.com,EMAIL_STANDARDIZATION,ALREADY_STANDARD,NORMAL_STANDARDIZATION,Email converted to lowercase and spaces removed
3,Phone,PHONE,60.0,+91-91234-56789,+91-91234-56789,LOW_CONFIDENCE_REVIEW,NEEDS_REVIEW,GENUINE_DATA_REVIEW,Column type confidence is only 60.0%
3,Age,INTEGER,100.0, 28,28,INTEGER_STANDARDIZATION,STANDARDIZED,NORMAL_STANDARDIZATION,Numeric value converted to integer
3,Salary,FLOAT,80.0, 62000.75 ,62000.75,FLOAT_STANDARDIZATION,STANDARDIZED,NORMAL_STANDARDIZATION,Decimal value converted to float
3,Active,BOOLEAN,100.0,TRUE,True,BOOLEAN_STANDARDIZATION,STANDARDIZED,NORMAL_STANDARDIZATION,Boolean value normalized
4,Name,STRING,100.0,Neha  Verma ,Neha Verma,STRING_STANDARDIZATION,STANDARDIZED,NORMAL_STANDARDIZATION,Extra spaces removed
4,Email,EMAIL,100.0,NEHA.VERMA@YAHOO.COM,neha.verma@yahoo.com,EMAIL_STANDARDIZATION,STANDARDIZED,NORMAL_STANDARDIZATION,Email converted to lowercase and spaces removed
4,Phone,PHONE,60.0, 9988776655 , 9988776655 ,LOW_CONFIDENCE_REVIEW,NEEDS_REVIEW,GENUINE_DATA_REVIEW,Column type confidence is only 60.0%
4,Age,INTEGER,100.0,35,35,INTEGER_STANDARDIZATION,STANDARDIZED,NORMAL_STANDARDIZATION,Numeric value converted to integer
4,Salary,FLOAT,80.0,48000,48000,INTEGER_STANDARDIZATION,STANDARDIZED,NORMAL_STANDARDIZATION,Numeric value converted to integer
4,Active,BOOLEAN,100.0, false ,False,BOOLEAN_STANDARDIZATION,STANDARDIZED,NORMAL_STANDARDIZATION,Boolean value normalized
5,Name,STRING,100.0,rohit mehta,rohit mehta,STRING_STANDARDIZATION,ALREADY_STANDARD,NORMAL_STANDARDIZATION,Extra spaces removed
5,Email,EMAIL,100.0, rohit.mehta@GMAIL.COM,rohit.mehta@gmail.com,EMAIL_STANDARDIZATION,STANDARDIZED,NORMAL_STANDARDIZATION,Email converted to lowercase and spaces removed
5,Phone,PHONE,60.0,98765-12345,98765-12345,LOW_CONFIDENCE_REVIEW,NEEDS_REVIEW,GENUINE_DATA_REVIEW,Column type confidence is only 60.0%
5,Age,INTEGER,100.0,40,40,INTEGER_STANDARDIZATION,STANDARDIZED,NORMAL_STANDARDIZATION,Numeric value converted to integer
5,Salary,FLOAT,80.0,"75,500.25",75500.25,FLOAT_STANDARDIZATION,STANDARDIZED,NORMAL_STANDARDIZATION,Decimal value converted to float
5,Active,BOOLEAN,100.0,Y,True,BOOLEAN_STANDARDIZATION,STANDARDIZED,NORMAL_STANDARDIZATION,Boolean value normalized
6,Name,STRING,100.0,  Sneha Patel,Sneha Patel,STRING_STANDARDIZATION,STANDARDIZED,NORMAL_STANDARDIZATION,Extra spaces removed
6,Email,EMAIL,100.0,SNEHA.PATEL@OUTLOOK.COM ,sneha.patel@outlook.com,EMAIL_STANDARDIZATION,STANDARDIZED,NORMAL_STANDARDIZATION,Email converted to lowercase and spaces removed
6,Phone,PHONE,60.0,+91 90909 80808,+91 90909 80808,LOW_CONFIDENCE_REVIEW,NEEDS_REVIEW,GENUINE_DATA_REVIEW,Column type confidence is only 60.0%
6,Age,INTEGER,100.0, 22 ,22,INTEGER_STANDARDIZATION,STANDARDIZED,NORMAL_STANDARDIZATION,Numeric value converted to integer
6,Salary,FLOAT,80.0, 39000.00,39000.0,FLOAT_STANDARDIZATION,STANDARDIZED,NORMAL_STANDARDIZATION,Decimal value converted to float
6,Active,BOOLEAN,100.0,N,False,BOOLEAN_STANDARDIZATION,STANDARDIZED,NORMAL_STANDARDIZATION,Boolean value normalized
7,Name,STRING,100.0,Vikas  Gupta,Vikas Gupta,STRING_STANDARDIZATION,STANDARDIZED,NORMAL_STANDARDIZATION,Extra spaces removed
7,Email,EMAIL,100.0, vikas.gupta@gmail.com,vikas.gupta@gmail.com,EMAIL_STANDARDIZATION,ALREADY_STANDARD,NORMAL_STANDARDIZATION,Email converted to lowercase and spaces removed
7,Phone,PHONE,60.0,919876543210,919876543210,LOW_CONFIDENCE_REVIEW,NEEDS_REVIEW,GENUINE_DATA_REVIEW,Column type confidence is only 60.0%
7,Age,INTEGER,100.0,27,27,INTEGER_STANDARDIZATION,STANDARDIZED,NORMAL_STANDARDIZATION,Numeric value converted to integer
7,Salary,FLOAT,80.0,82000.50,82000.5,FLOAT_STANDARDIZATION,STANDARDIZED,NORMAL_STANDARDIZATION,Decimal value converted to float
7,Active,BOOLEAN,100.0, yes,True,BOOLEAN_STANDARDIZATION,STANDARDIZED,NORMAL_STANDARDIZATION,Boolean value normalized
8,Name,STRING,100.0,ANJALI SHARMA ,ANJALI SHARMA,STRING_STANDARDIZATION,STANDARDIZED,NORMAL_STANDARDIZATION,Extra spaces removed
8,Email,EMAIL,100.0,ANJALI.SHARMA@GMAIL.COM ,anjali.sharma@gmail.com,EMAIL_STANDARDIZATION,STANDARDIZED,NORMAL_STANDARDIZATION,Email converted to lowercase and spaces removed
8,Phone,PHONE,60.0, 8877665544, 8877665544,LOW_CONFIDENCE_REVIEW,NEEDS_REVIEW,GENUINE_DATA_REVIEW,Column type confidence is only 60.0%
8,Age,INTEGER,100.0,31,31,INTEGER_STANDARDIZATION,STANDARDIZED,NORMAL_STANDARDIZATION,Numeric value converted to integer
8,Salary,FLOAT,80.0, 51000 ,51000,INTEGER_STANDARDIZATION,STANDARDIZED,NORMAL_STANDARDIZATION,Numeric value converted to integer
8,Active,BOOLEAN,100.0,FALSE,False,BOOLEAN_STANDARDIZATION,STANDARDIZED,NORMAL_STANDARDIZATION,Boolean value normalized
9,Name,STRING,100.0,  Karan Singh  ,Karan Singh,STRING_STANDARDIZATION,STANDARDIZED,NORMAL_STANDARDIZATION,Extra spaces removed
9,Email,EMAIL,100.0, karan.singh@gmail.com ,karan.singh@gmail.com,EMAIL_STANDARDIZATION,ALREADY_STANDARD,NORMAL_STANDARDIZATION,Email converted to lowercase and spaces removed
9,Phone,PHONE,60.0,+91 (99887) 76655,+91 (99887) 76655,LOW_CONFIDENCE_REVIEW,NEEDS_REVIEW,GENUINE_DATA_REVIEW,Column type confidence is only 60.0%
9,Age,INTEGER,100.0, 29,29,INTEGER_STANDARDIZATION,STANDARDIZED,NORMAL_STANDARDIZATION,Numeric value converted to integer
9,Salary,FLOAT,80.0,68000.75,68000.75,FLOAT_STANDARDIZATION,STANDARDIZED,NORMAL_STANDARDIZATION,Decimal value converted to float
9,Active,BOOLEAN,100.0,1,True,BOOLEAN_STANDARDIZATION,STANDARDIZED,NORMAL_STANDARDIZATION,Boolean value normalized
10,Name,STRING,100.0,Pooja Verma,Pooja Verma,STRING_STANDARDIZATION,ALREADY_STANDARD,NORMAL_STANDARDIZATION,Extra spaces removed
10,Email,EMAIL,100.0,POOJA.VERMA@YAHOO.COM,pooja.verma@yahoo.com,EMAIL_STANDARDIZATION,STANDARDIZED,NORMAL_STANDARDIZATION,Email converted to lowercase and spaces removed
10,Phone,PHONE,60.0,77665 54433,77665 54433,LOW_CONFIDENCE_REVIEW,NEEDS_REVIEW,GENUINE_DATA_REVIEW,Column type confidence is only 60.0%
10,Age,INTEGER,100.0,33,33,INTEGER_STANDARDIZATION,STANDARDIZED,NORMAL_STANDARDIZATION,Numeric value converted to integer
10,Salary,FLOAT,80.0, 47000.00 ,47000.0,FLOAT_STANDARDIZATION,STANDARDIZED,NORMAL_STANDARDIZATION,Decimal value converted to float
10,Active,BOOLEAN,100.0,0,False,BOOLEAN_STANDARDIZATION,STANDARDIZED,NORMAL_STANDARDIZATION,Boolean value normalized
